{"initial_reset_timestamp": 1608137494.3920918, "timestamps": [1608137744.9230905, 1608137994.7374146, 1608138004.1967986, 1608138012.4140663, 1608138020.7068481, 1608138029.030661, 1608138037.2580154, 1608138045.4331303, 1608138302.7115016, 1608138312.7372453, 1608138321.6912875, 1608138330.4351988, 1608138339.2003713, 1608138347.9670851, 1608138356.8283875, 1608138365.3600016, 1608138374.3940396, 1608138383.2681508, 1608138392.2127595, 1608138400.9447553], "episode_lengths": [1200, 1200, 1200, 1200, 1200, 1200, 1200, 1200, 1200, 1200, 1200, 1200, 1200, 1200, 1200, 1200, 1200, 1200, 1200, 1200], "episode_rewards": [0.0, 0.0, 0.0, 0.0, 0.0, 0.0, 0.0, 0.0, 0.0, 0.0, 0.0, 0.0, 0.0, 0.0, 0.0, 0.0, 0.0, 0.0, 0.0, 0.0], "episode_types": ["t", "t", "t", "t", "t", "t", "t", "t", "t", "t", "t", "t", "t", "t", "t", "t", "t", "t", "t", "t", "t"]}